<?xml version="1.0" encoding="UTF-8"?>
<!DOCTYPE suite SYSTEM "https://testng.org/testng-1.0.dtd">
<suite name="LoginPageTest" parallel="classes">
	<test name="smoketest" enabled="true" thread-count="5">
		<parameter name="browser" value="chrome" />
		<parameter name = "cucumber.filter.tags" value = "@smoketest"/>
		<parameter name="cucumber.glue" value="com.instalanes.stepdefinitions, com.instalanes.hooks" />
		<classes>
		
			<class name="com.instalanes.testrunner.TestRunner" />
			
		</classes>
	
	</test> <!-- Test -->

</suite> <!-- Suite -->
